City_ID,City,Country,Date,Lat,Lng,Max Temp,Humidity,Cloudiness,Wind Speed
0,Bethel,US,2021-09-23 19:42:12,41.3712,-73.414,79.48,81,90,3.0
1,Luangwa,ZM,2021-09-23 19:42:13,-15.6167,30.4167,70.0,63,5,4.63
2,Aborlan,PH,2021-09-23 19:42:13,9.4352,118.5492,77.83,84,95,4.36
3,Yining,CN,2021-09-23 19:42:13,29.0361,114.5636,74.43,86,50,1.9
4,Saint-Philippe,RE,2021-09-23 19:42:14,-21.3585,55.7679,69.35,76,38,11.95
5,Komsomolskiy,UZ,2021-09-23 19:38:31,40.4272,71.7189,65.12,42,0,6.91
6,Albany,US,2021-09-23 19:40:55,42.6001,-73.9662,79.63,71,100,14.14
7,Olinda,BR,2021-09-23 19:42:06,-8.0089,-34.8553,80.33,69,20,11.5
8,Lebu,CL,2021-09-23 19:42:14,-37.6167,-73.65,56.26,67,3,13.24
9,Ostrovnoy,RU,2021-09-23 19:42:15,68.0531,39.5131,45.52,89,26,20.89
10,New Norfolk,AU,2021-09-23 19:42:15,-42.7826,147.0587,45.9,78,94,6.55
11,Dambulla,LK,2021-09-23 19:42:15,7.86,80.6517,77.02,75,93,9.15
12,Bluff,NZ,2021-09-23 19:42:16,-46.6,168.3333,45.81,68,72,23.91
13,Arraial Do Cabo,BR,2021-09-23 19:38:47,-22.9661,-42.0278,71.56,56,75,12.66
14,Biasca,CH,2021-09-23 19:42:16,46.3597,8.9697,64.15,79,6,5.46
15,Carnarvon,AU,2021-09-23 19:42:16,-24.8667,113.6333,68.07,73,0,20.71
16,Butaritari,KI,2021-09-23 19:42:17,3.0707,172.7902,82.58,75,3,15.64
17,Kapaa,US,2021-09-23 19:42:17,22.0752,-159.319,80.58,76,75,3.0
18,Castro,BR,2021-09-23 19:42:17,-24.7911,-50.0119,66.74,49,100,6.24
19,Mardin,TR,2021-09-23 19:42:18,37.3131,40.7436,69.03,40,10,10.89
20,Torbay,CA,2021-09-23 19:42:18,47.6666,-52.7314,68.77,75,40,0.0
21,Lakes Entrance,AU,2021-09-23 19:42:18,-37.8811,147.981,61.57,70,0,7.38
22,Vaini,TO,2021-09-23 19:42:19,-21.2,-175.2,73.56,94,75,6.91
23,Najran,SA,2021-09-23 19:42:19,17.4924,44.1277,77.65,19,13,1.16
24,Hamilton,US,2021-09-23 19:40:18,39.1834,-84.5333,67.77,67,75,1.01
25,Nakhon Thai,TH,2021-09-23 19:42:19,17.1006,100.8374,73.42,98,100,0.72
26,Hobart,AU,2021-09-23 19:38:30,-42.8794,147.3294,46.26,81,40,1.99
27,Zhezkazgan,KZ,2021-09-23 19:42:20,47.8043,67.7144,45.34,57,0,14.65
28,Cape Town,ZA,2021-09-23 19:40:33,-33.9258,18.4232,61.88,85,40,11.5
29,Bredasdorp,ZA,2021-09-23 19:42:20,-34.5322,20.0403,58.32,77,100,11.5
30,Anadyr,RU,2021-09-23 19:42:21,64.75,177.4833,32.5,100,90,2.24
31,Port Elizabeth,ZA,2021-09-23 19:42:21,-33.918,25.5701,64.09,69,53,15.75
32,Fairbanks,US,2021-09-23 19:38:45,64.8378,-147.7164,36.3,61,75,2.3
33,Tarakan,ID,2021-09-23 19:42:21,3.3,117.6333,79.3,81,99,3.74
34,Adrar,MR,2021-09-23 19:42:22,20.5022,-10.0711,97.18,11,8,7.14
35,Alot,IN,2021-09-23 19:42:22,23.7667,75.55,76.64,87,99,8.1
36,Mataura,NZ,2021-09-23 19:42:22,-46.1927,168.8643,45.48,71,46,5.95
37,Tasiilaq,GL,2021-09-23 19:42:23,65.6145,-37.6368,37.56,61,86,3.71
38,Sao Filipe,CV,2021-09-23 19:42:23,14.8961,-24.4956,79.03,79,38,8.68
39,Rikitea,PF,2021-09-23 19:42:23,-23.1203,-134.9692,74.16,74,99,23.02
40,Iqaluit,CA,2021-09-23 19:42:23,63.7506,-68.5145,31.73,80,75,23.02
41,Punta Arenas,CL,2021-09-23 19:39:05,-53.15,-70.9167,50.11,46,40,20.71
42,San Policarpo,PH,2021-09-23 19:42:24,12.1791,125.5072,81.57,82,27,7.29
43,Bata,GQ,2021-09-23 19:42:24,1.8639,9.7658,76.78,78,87,2.59
44,Ushuaia,AR,2021-09-23 19:37:58,-54.8,-68.3,49.66,34,40,20.71
45,Mar Del Plata,AR,2021-09-23 19:42:24,-38.0023,-57.5575,57.22,88,90,3.44
46,Eregli,TR,2021-09-23 19:42:25,37.5133,34.0467,51.51,76,100,2.84
47,Severo-Kurilsk,RU,2021-09-23 19:42:25,50.6789,156.125,48.56,92,100,25.59
48,Kasongo-Lunda,CD,2021-09-23 19:42:26,-6.4667,16.8167,77.27,67,100,5.21
49,Thompson,CA,2021-09-23 19:42:26,55.7435,-97.8558,57.36,82,75,5.75
50,Christchurch,NZ,2021-09-23 19:41:41,-43.5333,172.6333,51.91,82,0,2.3
51,Busselton,AU,2021-09-23 19:42:27,-33.65,115.3333,44.1,80,0,10.31
52,Vila Velha,BR,2021-09-23 19:42:27,-20.3297,-40.2925,73.35,53,20,13.8
53,Half Moon Bay,US,2021-09-23 19:42:27,37.4636,-122.4286,96.06,70,75,5.75
54,Jamestown,US,2021-09-23 19:39:12,42.097,-79.2353,63.99,78,90,7.0
55,Longyearbyen,SJ,2021-09-23 19:41:38,78.2186,15.6401,46.24,61,40,13.8
56,Vao,NC,2021-09-23 19:42:28,-22.6667,167.4833,66.85,61,51,17.02
57,Isangel,VU,2021-09-23 19:42:28,-19.55,169.2667,69.91,73,26,8.05
58,Saint-Joseph,RE,2021-09-23 19:42:28,-21.3667,55.6167,68.36,75,18,12.62
59,Lompoc,US,2021-09-23 19:42:29,34.6391,-120.4579,84.22,80,40,4.0
60,Hilo,US,2021-09-23 19:42:29,19.7297,-155.09,82.27,65,1,3.44
61,Montepuez,MZ,2021-09-23 19:42:29,-13.1256,38.9997,70.59,76,5,7.27
62,Bardiyah,LY,2021-09-23 19:42:30,31.7561,25.0865,75.45,68,0,18.03
63,Tuktoyaktuk,CA,2021-09-23 19:42:30,69.4541,-133.0374,32.0,93,90,0.0
64,Shagonar,RU,2021-09-23 19:42:30,51.5333,92.8,41.99,70,100,2.37
65,San Quintin,MX,2021-09-23 19:42:31,30.4833,-115.95,77.49,64,73,12.35
66,Cabo San Lucas,MX,2021-09-23 19:40:26,22.8909,-109.9124,95.5,66,20,6.91
67,Hermanus,ZA,2021-09-23 19:42:31,-34.4187,19.2345,58.89,88,89,12.5
68,San Patricio,US,2021-09-23 19:42:31,28.017,-97.5169,88.21,23,11,6.33
69,Simoes,BR,2021-09-23 19:42:32,-7.5989,-40.8178,94.77,21,93,9.6
70,Gazanjyk,TM,2021-09-23 19:42:32,39.2446,55.5154,72.73,24,5,0.87
71,Akyab,MM,2021-09-23 19:42:32,20.15,92.9,79.93,86,100,4.7
72,Ponta Do Sol,PT,2021-09-23 19:42:33,32.6667,-17.1,72.23,61,95,5.46
73,Georgetown,MY,2021-09-23 19:42:20,5.4112,100.3354,80.89,86,20,0.0
74,Upernavik,GL,2021-09-23 19:42:33,72.7868,-56.1549,28.53,88,100,9.37
75,Vicksburg,US,2021-09-23 19:42:33,32.3526,-90.8779,80.28,39,1,9.22
76,Qaanaaq,GL,2021-09-23 19:42:34,77.484,-69.3632,16.63,63,95,6.33
77,Lata,PT,2021-09-23 19:42:34,40.1629,-8.3327,65.05,86,100,1.83
78,Trinidad,BO,2021-09-23 19:42:34,-14.8333,-64.9,93.18,52,36,8.05
79,Atuona,PF,2021-09-23 19:42:35,-9.8,-139.0333,78.1,75,12,17.4
80,Luau,AO,2021-09-23 19:42:35,-10.7073,22.2247,74.08,23,44,3.98
81,Filingue,NE,2021-09-23 19:42:35,14.3521,3.3168,93.34,37,100,9.24
82,Caravelas,BR,2021-09-23 19:42:36,-17.7125,-39.2481,72.48,64,12,12.12
83,Kozhva,RU,2021-09-23 19:42:36,65.1073,57.0459,39.45,95,100,4.68
84,Sambava,MG,2021-09-23 19:42:36,-14.2667,50.1667,69.73,82,59,11.68
85,Cayenne,GF,2021-09-23 19:42:37,4.9333,-52.3333,89.64,77,0,5.99
86,Tiksi,RU,2021-09-23 19:42:37,71.6872,128.8694,39.0,75,100,21.85
87,Sioux Lookout,CA,2021-09-23 19:42:37,50.1001,-91.917,71.67,37,20,11.5
88,Pavlohrad,UA,2021-09-23 19:42:37,48.5167,35.8667,47.35,88,11,3.42
89,Broome,US,2021-09-23 19:42:38,42.2506,-75.833,68.97,81,90,1.01
90,Noyabrsk,RU,2021-09-23 19:42:38,63.1994,75.4507,36.95,97,100,16.67
91,Esperance,AU,2021-09-23 19:42:38,-33.8667,121.9,51.64,65,100,13.09
92,Yellowknife,CA,2021-09-23 19:41:50,62.456,-114.3525,46.92,87,75,6.91
93,Faanui,PF,2021-09-23 19:42:39,-16.4833,-151.75,78.08,69,14,10.71
94,Washington,US,2021-09-23 19:41:53,47.5001,-120.5015,71.92,36,90,4.23
95,La Grande,US,2021-09-23 19:42:39,45.3246,-118.0877,70.14,56,51,3.58
96,Bathsheba,BB,2021-09-23 19:42:40,13.2167,-59.5167,90.21,58,20,10.36
97,Conceicao Do Araguaia,BR,2021-09-23 19:42:40,-8.2578,-49.2647,103.87,16,14,5.37
98,Port Alfred,ZA,2021-09-23 19:42:40,-33.5906,26.891,63.37,72,96,19.06
99,Saint Anthony,US,2021-09-23 19:42:41,45.0205,-93.218,75.15,37,1,1.01
100,Zenica,BA,2021-09-23 19:42:41,44.2014,17.9064,52.21,72,6,3.33
101,Mount Isa,AU,2021-09-23 19:42:41,-20.7333,139.5,62.38,16,11,10.29
102,Deputatskiy,RU,2021-09-23 19:42:42,69.3,139.9,30.96,89,100,5.64
103,Matagami,CA,2021-09-23 19:42:42,49.7502,-77.6328,51.91,66,90,6.91
104,Avarua,CK,2021-09-23 19:42:43,-21.2078,-159.775,73.45,64,75,4.61
105,Kaitangata,NZ,2021-09-23 19:42:43,-46.2817,169.8464,45.9,66,22,13.62
106,Svetlogorsk,BY,2021-09-23 19:42:43,52.6333,29.7333,41.52,97,100,9.73
107,Lavrentiya,RU,2021-09-23 19:42:44,65.5833,-171.0,32.09,69,87,2.3
108,Portland,US,2021-09-23 19:40:18,45.5234,-122.6762,73.51,70,40,3.0
109,Ocho Rios,JM,2021-09-23 19:42:44,18.4025,-77.1048,85.75,76,68,5.23
110,Isabela,PH,2021-09-23 19:42:44,6.7085,121.9711,79.23,85,61,3.11
111,Souillac,MU,2021-09-23 19:42:45,-20.5167,57.5167,73.78,78,75,12.66
112,Esso,RU,2021-09-23 19:42:45,55.9333,158.7,37.42,89,7,2.3
113,Hvide Sande,DK,2021-09-23 19:42:45,56.0045,8.1294,57.09,83,100,37.42
114,Varkaus,FI,2021-09-23 19:42:46,62.3153,27.873,44.71,82,100,15.21
115,Nikolskoye,RU,2021-09-23 19:42:46,59.7035,30.7861,47.01,92,98,9.22
116,Barrow,US,2021-09-23 19:42:46,71.2906,-156.7887,26.62,86,90,4.61
117,Kalmunai,LK,2021-09-23 19:42:47,7.4167,81.8167,81.18,81,83,5.99
118,Hay River,CA,2021-09-23 19:42:47,60.8156,-115.7999,44.58,87,90,11.5
119,Amargosa,BR,2021-09-23 19:42:47,-13.0303,-39.6047,70.57,78,98,9.4
120,Apatity,RU,2021-09-23 19:42:47,67.5641,33.4031,42.57,92,100,11.65
121,Bengkulu,ID,2021-09-23 19:42:48,-3.8004,102.2655,74.77,90,100,4.34
122,Sangar,RU,2021-09-23 19:42:48,63.9242,127.4739,40.44,85,100,0.78
123,Lorengau,PG,2021-09-23 19:42:48,-2.0226,147.2712,79.09,83,100,9.04
124,Trapani,IT,2021-09-23 19:42:49,37.8333,12.6667,73.58,73,0,6.91
125,Sri Aman,MY,2021-09-23 19:42:49,1.2376,111.4621,75.25,94,100,3.44
126,Yaan,NG,2021-09-23 19:42:49,7.3833,8.5667,75.69,89,90,3.89
127,Novobiryusinskiy,RU,2021-09-23 19:42:50,56.9578,97.7076,32.72,95,95,2.21
128,Casselman,CA,2021-09-23 19:42:50,45.3168,-75.0826,71.64,78,100,14.16
129,Dikson,RU,2021-09-23 19:42:50,73.5069,80.5464,34.32,66,61,6.51
130,Miles City,US,2021-09-23 19:42:51,46.4083,-105.8406,78.51,23,1,17.27
131,Manzanillo,CU,2021-09-23 19:42:51,20.3433,-77.1167,89.74,54,10,10.07
132,Klaksvik,FO,2021-09-23 19:42:51,62.2266,-6.589,41.92,91,100,30.74
133,College,US,2021-09-23 19:39:15,64.8569,-147.8028,36.28,61,90,6.91
134,Kodiak,US,2021-09-23 19:42:52,57.79,-152.4072,44.11,76,90,29.93
135,Tamiahua,MX,2021-09-23 19:42:52,21.2667,-97.45,79.0,66,68,12.48
136,Cherskiy,RU,2021-09-23 19:42:52,68.75,161.3,28.9,94,83,6.46
137,San Carlos De Bariloche,AR,2021-09-23 19:40:36,-41.1456,-71.3082,62.35,19,40,14.97
138,Mana,GF,2021-09-23 19:42:53,5.6592,-53.7767,84.72,72,77,11.56
139,Dandong,CN,2021-09-23 19:42:53,40.1292,124.3947,53.78,92,12,4.05
140,Wonthaggi,AU,2021-09-23 19:42:54,-38.6044,145.5913,56.37,70,0,19.71
141,Hasaki,JP,2021-09-23 19:42:54,35.7333,140.8333,68.4,72,66,15.17
142,Caaguazu,PY,2021-09-23 19:42:54,-25.45,-56.0167,79.56,43,93,11.95
143,Poopo,BO,2021-09-23 19:42:55,-18.3667,-66.9667,57.97,37,82,11.95
144,Asau,RO,2021-09-23 19:42:55,46.4333,26.4,46.96,77,100,6.24
145,Ouadda,CF,2021-09-23 19:42:55,8.0777,22.4007,69.8,95,67,3.85
146,Touros,BR,2021-09-23 19:42:56,-5.1989,-35.4608,85.1,71,64,15.48
147,Ocampo,MX,2021-09-23 19:42:56,21.65,-101.5,68.2,50,42,8.55
148,Mackay,AU,2021-09-23 19:42:56,-21.15,149.2,60.78,94,90,6.91
149,Comodoro Rivadavia,AR,2021-09-23 19:42:56,-45.8667,-67.5,69.66,28,75,17.27
150,Puerto Del Rosario,ES,2021-09-23 19:42:57,28.5004,-13.8627,74.95,73,20,10.36
151,Samarai,PG,2021-09-23 19:42:57,-10.6167,150.6667,77.43,86,88,14.56
152,Sitka,US,2021-09-23 19:42:58,57.0531,-135.33,55.29,71,90,16.11
153,Beira,MZ,2021-09-23 19:42:58,-19.8436,34.8389,70.57,72,0,8.03
154,Vallenar,CL,2021-09-23 19:42:58,-28.5708,-70.7581,83.5,15,0,7.27
155,Homnabad,IN,2021-09-23 19:42:58,17.7667,77.1333,71.06,97,100,1.68
156,Sisimiut,GL,2021-09-23 19:42:59,66.9395,-53.6735,29.7,78,99,1.86
157,Moose Factory,CA,2021-09-23 19:42:59,51.2585,-80.6094,53.6,66,1,14.97
158,Pochutla,MX,2021-09-23 19:42:59,15.7432,-96.4661,89.82,58,100,5.99
159,Antofagasta,CL,2021-09-23 19:43:00,-23.65,-70.4,60.08,69,18,9.17
160,Lewiston,US,2021-09-23 19:43:00,44.1003,-70.2148,78.82,79,20,14.97
161,Sidi Ali,DZ,2021-09-23 19:43:00,36.0998,0.4206,75.11,72,95,4.47
162,Itoman,JP,2021-09-23 19:43:01,26.1247,127.6694,80.62,78,20,9.22
163,Umea,SE,2021-09-23 19:43:01,63.8284,20.2597,46.33,93,90,13.8
164,Tuatapere,NZ,2021-09-23 19:43:01,-46.1333,167.6833,45.82,79,81,7.78
165,Karratha,AU,2021-09-23 19:43:02,-20.7377,116.8463,71.73,48,19,7.11
166,Dhidhdhoo,MV,2021-09-23 19:43:02,6.8833,73.1,82.9,77,13,18.07
167,Pevek,RU,2021-09-23 19:43:02,69.7008,170.3133,28.85,91,99,8.7
168,Mazamari,PE,2021-09-23 19:43:03,-11.3258,-74.5308,91.76,35,67,3.11
169,Cap Malheureux,MU,2021-09-23 19:43:03,-19.9842,57.6142,73.89,76,46,8.01
170,Lagunas,PE,2021-09-23 19:43:04,-5.2269,-75.6753,87.78,55,100,3.85
171,Koungou,YT,2021-09-23 19:43:04,-12.7336,45.2042,73.11,83,0,2.3
172,Changde,CN,2021-09-23 19:43:04,29.0464,111.6783,76.91,76,29,1.74
173,Aswan,EG,2021-09-23 19:43:05,24.0934,32.907,90.7,14,0,8.05
174,Anloga,GH,2021-09-23 19:43:05,5.7947,0.8973,80.82,84,37,7.54
175,Hit,IQ,2021-09-23 19:43:05,33.6416,42.8251,84.85,23,0,7.67
176,East London,ZA,2021-09-23 19:43:06,-33.0153,27.9116,68.65,55,98,25.61
177,Satipo,PE,2021-09-23 19:43:06,-11.2522,-74.6386,91.74,33,70,3.44
178,Arlit,NE,2021-09-23 19:43:06,18.7369,7.3853,95.9,17,8,4.9
179,Saint-Georges,GD,2021-09-23 19:43:07,12.0564,-61.7485,87.48,70,20,16.11
180,Imeni Poliny Osipenko,RU,2021-09-23 19:43:07,52.4201,136.4853,37.74,84,0,0.51
181,Cockburn Town,TC,2021-09-23 19:38:44,21.4612,-71.1419,83.52,75,98,7.96
182,San Cristobal,VE,2021-09-23 19:43:07,7.7669,-72.225,82.58,72,100,6.55
183,Along,IN,2021-09-23 19:43:08,28.1667,94.7667,72.5,96,95,1.57
184,Dingle,PH,2021-09-23 19:43:08,10.9995,122.6711,76.06,92,92,5.37
185,Clyde River,CA,2021-09-23 19:41:16,70.4692,-68.5914,32.23,80,75,21.85
186,Rodino,RU,2021-09-23 19:43:08,52.5,80.25,33.96,94,15,5.93
187,Los Llanos De Aridane,ES,2021-09-23 19:43:09,28.6585,-17.9182,71.35,85,20,12.66
188,Ust-Kut,RU,2021-09-23 19:43:09,56.7938,105.7672,33.93,82,55,3.47
189,Kintampo,GH,2021-09-23 19:43:09,8.0563,-1.7306,74.71,87,32,1.52
190,Chinameca,SV,2021-09-23 19:43:10,13.5,-88.35,82.49,56,100,2.33
191,Teahupoo,PF,2021-09-23 19:43:10,-17.8333,-149.2667,73.36,75,0,14.61
192,Kavieng,PG,2021-09-23 19:43:11,-2.5744,150.7967,81.28,76,100,10.36
193,Sibolga,ID,2021-09-23 19:43:11,1.7427,98.7792,76.69,83,92,3.24
194,Isla Mujeres,MX,2021-09-23 19:43:11,21.2311,-86.731,86.05,71,100,7.72
195,Puerto Ayora,EC,2021-09-23 19:43:11,-0.7393,-90.3518,76.96,84,80,10.56
196,Saskylakh,RU,2021-09-23 19:43:12,71.9167,114.0833,33.62,98,100,11.39
197,Pouebo,NC,2021-09-23 19:43:12,-20.4,164.5667,67.06,65,41,9.01
198,Sao Joao Da Barra,BR,2021-09-23 19:41:25,-21.6403,-41.0511,71.69,62,83,12.66
199,Xam Nua,LA,2021-09-23 19:43:13,20.4197,104.0439,65.53,100,82,1.28
200,Lamar,US,2021-09-23 19:43:13,33.6668,-95.5836,84.97,24,1,0.0
201,Raudeberg,NO,2021-09-23 19:43:13,61.9875,5.1352,47.8,87,97,1.99
202,Namibe,AO,2021-09-23 19:43:14,-15.1961,12.1522,66.72,90,34,7.43
203,Praia Da Vitoria,PT,2021-09-23 19:43:14,38.7333,-27.0667,72.75,78,20,9.31
204,Sinnamary,GF,2021-09-23 19:43:14,5.3833,-52.95,84.29,68,30,12.46
205,Chokurdakh,RU,2021-09-23 19:43:15,70.6333,147.9167,28.65,89,100,3.91
206,Yenagoa,NG,2021-09-23 19:43:15,4.9247,6.2642,75.29,93,98,2.35
207,Nizhniy Tsasuchey,RU,2021-09-23 19:43:15,50.5167,115.1333,40.23,83,22,4.25
208,Ilulissat,GL,2021-09-23 19:43:16,69.2167,-51.1,24.82,68,75,19.57
209,Kieta,PG,2021-09-23 19:43:16,-6.2167,155.6333,77.29,82,100,3.67
210,Henties Bay,NA,2021-09-23 19:43:16,-22.116,14.2845,56.86,81,0,6.85
211,Krasnoselkup,RU,2021-09-23 19:43:17,65.7,82.4667,33.67,89,100,13.85
212,Salinas,US,2021-09-23 19:43:17,36.6777,-121.6555,90.57,64,1,6.91
213,Enterprise,US,2021-09-23 19:43:17,36.0252,-115.2419,94.59,18,75,3.0
214,Oxelosund,SE,2021-09-23 19:43:18,58.6706,17.1015,51.73,100,0,8.05
215,Alofi,NU,2021-09-23 19:43:18,-19.0595,-169.9187,75.09,73,28,9.22
216,Pacific Grove,US,2021-09-23 19:43:18,36.6177,-121.9166,90.16,82,1,5.01
217,Paamiut,GL,2021-09-23 19:43:19,61.994,-49.6678,34.12,72,16,19.24
218,Ribeira Grande,PT,2021-09-23 19:43:19,38.5167,-28.7,72.0,68,20,13.8
219,Kidal,ML,2021-09-23 19:43:19,18.4411,1.4078,95.2,23,80,12.28
220,Khatanga,RU,2021-09-23 19:43:20,71.9667,102.5,33.4,98,100,6.82
221,Ancud,CL,2021-09-23 19:43:20,-41.8697,-73.8203,56.43,80,94,11.86
222,Inongo,CD,2021-09-23 19:43:20,-1.95,18.2667,70.05,84,100,3.74
223,Bud,US,2021-09-23 19:43:21,39.447,-86.1758,67.82,51,16,15.41
224,Praia,CV,2021-09-23 19:43:21,14.9215,-23.5087,81.14,69,75,13.8
225,Acapulco,MX,2021-09-23 19:42:28,16.8634,-99.8901,87.62,66,40,9.22
226,Rosa Zarate,EC,2021-09-23 19:43:21,0.3333,-79.4667,82.13,72,93,4.72
227,Bambous Virieux,MU,2021-09-23 19:43:22,-20.3428,57.7575,73.65,78,75,12.66
228,Nioro,GM,2021-09-23 19:43:22,13.35,-15.75,80.4,83,97,5.73
229,Saint George,US,2021-09-23 19:43:22,37.1041,-113.5841,90.07,15,1,4.61
230,Torit,SS,2021-09-23 19:43:23,4.4133,32.5678,75.52,66,80,2.8
231,Airai,TL,2021-09-23 19:43:23,-8.9266,125.4092,57.31,54,100,1.97
232,Tazovskiy,RU,2021-09-23 19:43:23,67.4667,78.7,33.66,81,90,10.51
233,Manthani,IN,2021-09-23 19:43:24,18.65,79.6667,76.68,93,100,2.24
234,Fortuna,US,2021-09-23 19:43:24,40.5982,-124.1573,77.94,62,97,1.99
235,Saint Pete Beach,US,2021-09-23 19:43:25,27.7253,-82.7412,90.34,64,90,1.01
236,Nalut,LY,2021-09-23 19:43:25,30.3333,10.85,85.93,14,50,5.79
237,Birjand,IR,2021-09-23 19:43:25,32.8663,59.2211,68.47,11,0,6.91
238,San Ignacio,BZ,2021-09-23 19:43:25,17.1561,-89.0714,84.34,74,40,6.91
239,Pacet,ID,2021-09-23 19:43:26,-8.0786,111.8818,75.78,93,100,2.64
240,Victor Harbor,AU,2021-09-23 19:43:26,-35.5667,138.6167,53.01,87,5,10.09
241,Hobbs,US,2021-09-23 19:43:26,32.7026,-103.136,86.34,21,1,5.99
242,Jumla,NP,2021-09-23 19:43:27,29.2747,82.1838,59.63,93,99,0.49
243,Glendive,US,2021-09-23 19:43:27,47.1053,-104.7125,76.62,27,1,11.5
244,Mahebourg,MU,2021-09-23 19:43:27,-20.4081,57.7,73.69,78,75,12.66
245,Kenai,US,2021-09-23 19:43:21,60.5544,-151.2583,42.15,70,90,21.85
246,San Borja,BO,2021-09-23 19:43:28,-14.8167,-66.85,99.07,26,95,2.73
247,Cidreira,BR,2021-09-23 19:43:28,-30.1811,-50.2056,64.04,77,99,19.8
248,Verkhnevilyuysk,RU,2021-09-23 19:43:29,63.4453,120.3167,39.56,79,100,3.62
249,Codrington,AU,2021-09-23 19:43:29,-38.2667,141.9667,51.39,89,97,18.43
250,Chapais,CA,2021-09-23 19:43:29,49.7834,-74.8492,47.98,97,100,10.71
251,Pitimbu,BR,2021-09-23 19:43:30,-7.4706,-34.8086,82.99,73,59,12.01
252,Ruwi,OM,2021-09-23 19:43:30,23.5996,58.5507,87.49,66,34,7.72
253,Kencong,ID,2021-09-23 19:43:30,-8.2833,113.3667,75.78,86,100,1.48
254,Juegang,CN,2021-09-23 19:43:30,32.3174,121.1855,73.06,93,89,11.25
255,Khonsa,IN,2021-09-23 19:43:31,27.0167,95.5667,67.73,91,67,3.85
256,Riachao Das Neves,BR,2021-09-23 19:43:31,-11.7461,-44.91,96.19,20,38,7.07
257,Hualmay,PE,2021-09-23 19:43:31,-11.0964,-77.6139,66.97,72,29,9.55
258,Mantua,IT,2021-09-23 19:43:32,45.1667,10.7833,66.52,76,12,0.85
259,Sistranda,NO,2021-09-23 19:43:32,63.7256,8.834,48.9,68,98,22.53
260,Kiunga,PG,2021-09-23 19:43:32,-6.1219,141.2906,72.81,100,100,1.92
261,Devils Lake,US,2021-09-23 19:43:33,48.1128,-98.8651,71.58,40,1,10.36
262,Ilo,PE,2021-09-23 19:43:33,-17.6394,-71.3375,61.66,77,90,8.05
263,Kununurra,AU,2021-09-23 19:43:33,-15.7667,128.7333,51.78,76,36,0.0
264,Kruisfontein,ZA,2021-09-23 19:43:34,-34.0033,24.7314,61.88,71,17,17.94
265,Qingdao,CN,2021-09-23 19:43:34,36.0986,120.3719,71.2,94,0,6.71
266,Jibuti,DJ,2021-09-23 19:43:34,11.5,42.5,88.21,39,0,4.25
267,Zaysan,KZ,2021-09-23 19:43:35,47.4667,84.8667,44.37,43,100,3.33
268,Shitanjing,CN,2021-09-23 19:43:35,39.2342,106.3439,60.35,74,100,5.75
269,Albanel,CA,2021-09-23 19:43:35,48.8832,-72.4487,53.74,100,100,6.91
270,Broken Hill,AU,2021-09-23 19:43:36,-31.95,141.4333,58.71,38,5,11.5
271,Mount Gambier,AU,2021-09-23 19:43:36,-37.8333,140.7667,51.71,87,90,13.8
272,Guerrero Negro,MX,2021-09-23 19:43:36,27.9769,-114.0611,86.76,48,0,4.09
273,Gat,IL,2021-09-23 19:43:37,31.61,34.7642,77.68,65,3,7.11
274,Bilma,NE,2021-09-23 19:43:37,18.6853,12.9164,88.95,12,2,2.06
275,Nanortalik,GL,2021-09-23 19:43:37,60.1432,-45.2371,36.88,76,7,21.63
276,Shache,CN,2021-09-23 19:43:38,38.4167,77.2406,68.95,22,0,6.13
277,Zhigansk,RU,2021-09-23 19:43:38,66.7697,123.3711,36.75,84,88,2.28
278,Mwingi,KE,2021-09-23 19:43:38,-0.9344,38.0601,68.76,65,20,11.34
279,Vostok,RU,2021-09-23 19:43:39,46.4856,135.8833,38.46,94,0,1.19
280,Porto Novo,BJ,2021-09-23 19:43:39,6.4965,2.6036,80.42,86,77,5.32
281,Rybinsk,RU,2021-09-23 19:43:39,58.0446,38.8426,47.98,96,100,7.4
282,Korla,CN,2021-09-23 19:43:40,41.7597,86.1469,67.17,28,0,8.08
283,Ucluelet,CA,2021-09-23 19:43:40,48.9329,-125.5528,68.09,78,59,3.4
284,Padang,ID,2021-09-23 19:43:40,-0.9492,100.3543,77.05,87,84,3.47
285,Kropotkin,RU,2021-09-23 19:43:41,45.4375,40.5756,53.04,90,100,3.67
286,Margate,GB,2021-09-23 19:43:41,51.3813,1.3862,64.26,83,25,1.99
287,Banda Aceh,ID,2021-09-23 19:43:41,5.5577,95.3222,79.23,83,81,8.95
288,Tessalit,ML,2021-09-23 19:43:42,20.1986,1.0114,97.29,17,92,2.77
289,Boende,CD,2021-09-23 19:43:42,-0.2167,20.8667,69.76,99,97,1.83
290,Bonthe,SL,2021-09-23 19:43:42,7.5264,-12.505,78.87,84,100,6.55
291,Khani,GE,2021-09-23 19:43:43,41.9563,42.9566,53.96,96,100,1.25
292,Vacenovice,CZ,2021-09-23 19:43:43,48.9451,17.174,61.95,68,100,5.97
293,Borba,BR,2021-09-23 19:43:43,-4.3878,-59.5939,82.92,71,99,2.08
294,Mayumba,GA,2021-09-23 19:43:43,-3.432,10.6554,76.1,86,77,4.43
295,Solnechnyy,RU,2021-09-23 19:43:44,50.7214,136.6319,40.6,77,4,3.71
296,Magadan,RU,2021-09-23 19:43:44,59.5667,150.8,43.29,76,1,3.22
297,Port-Gentil,GA,2021-09-23 19:43:44,-0.7193,8.7815,78.76,83,40,8.05
298,Pailon,BO,2021-09-23 19:43:45,-17.65,-62.75,89.28,26,100,7.29
299,Parkes,AU,2021-09-23 19:43:45,-33.1333,148.1833,45.63,88,18,7.45
300,Wajima,JP,2021-09-23 19:43:45,37.4,136.9,70.7,78,91,9.06
301,Dharmadam,IN,2021-09-23 19:43:46,11.7833,75.4333,77.02,89,99,6.35
302,Nanhai,CN,2021-09-23 19:43:46,30.1282,111.7784,75.31,89,18,1.48
303,Natal,BR,2021-09-23 19:41:10,-5.795,-35.2094,84.85,70,20,16.11
304,Port Hardy,CA,2021-09-23 19:43:47,50.6996,-127.4199,53.78,82,90,4.61
305,Kralendijk,BQ,2021-09-23 19:43:47,12.15,-68.2667,89.58,66,20,14.97
306,Bandarbeyla,SO,2021-09-23 19:43:47,9.4942,50.8122,78.57,81,87,28.92
307,Kuusankoski,FI,2021-09-23 19:43:48,60.907,26.6244,45.12,81,75,16.11
308,Mayachnyy,RU,2021-09-23 19:43:48,52.6839,55.685,52.12,43,100,18.59
309,Zeya,RU,2021-09-23 19:43:48,53.75,127.2667,45.27,74,100,3.44
310,Emirdag,TR,2021-09-23 19:43:49,39.0197,31.15,45.59,84,58,8.48
311,San Juan,AR,2021-09-23 19:43:49,-31.5375,-68.5364,79.05,14,0,5.08
312,Biryusinsk,RU,2021-09-23 19:43:49,55.9634,97.8235,37.49,94,99,0.92
313,Yeppoon,AU,2021-09-23 19:43:50,-23.1333,150.7333,53.38,76,15,4.18
314,Nome,US,2021-09-23 19:43:50,64.5011,-165.4064,30.27,64,1,5.75
315,Otjimbingwe,NA,2021-09-23 19:43:50,-22.35,16.1333,76.32,10,0,4.79
316,Berbera,SO,2021-09-23 19:43:51,10.4396,45.0143,92.34,50,3,4.63
317,Alicia,PH,2021-09-23 19:43:51,16.7794,121.6973,73.49,95,7,0.56
318,Port Blair,IN,2021-09-23 19:43:51,11.6667,92.75,80.2,81,100,10.6
319,Salalah,OM,2021-09-23 19:43:52,17.0151,54.0924,84.29,79,75,5.75
320,Rio Gallegos,AR,2021-09-23 19:41:43,-51.6226,-69.2181,59.05,18,40,17.27
321,Kahului,US,2021-09-23 19:43:20,20.8947,-156.47,83.46,76,40,20.71
322,Remedios,CU,2021-09-23 19:43:52,22.4947,-79.5458,90.52,64,94,8.72
323,Sao Felix Do Xingu,BR,2021-09-23 19:43:53,-6.6447,-51.995,93.67,30,78,1.66
324,Vardo,NO,2021-09-23 19:43:53,70.3705,31.1107,44.58,65,0,24.16
325,Jiwani,PK,2021-09-23 19:43:53,25.05,61.7417,80.4,87,49,6.08
326,Provideniya,RU,2021-09-23 19:43:54,64.3833,-173.3,32.11,64,90,6.71
327,Lugazi,UG,2021-09-23 19:43:54,0.3772,32.9197,65.73,90,66,3.06
328,Paraiso,CR,2021-09-23 19:43:54,9.8383,-83.8656,70.66,85,98,3.0
329,Ambon,ID,2021-09-23 19:43:55,-3.6954,128.1814,73.54,100,75,4.61
330,Panacan,PH,2021-09-23 19:43:55,9.2463,118.4082,78.33,80,98,4.12
331,Buin,CL,2021-09-23 19:43:55,-33.7333,-70.75,80.92,20,18,2.91
332,Auki,SB,2021-09-23 19:43:56,-8.7676,160.7034,77.32,85,99,3.8
333,Emba,KZ,2021-09-23 19:43:56,48.8264,58.1442,53.65,37,100,18.05
334,Amazar,RU,2021-09-23 19:43:56,53.858,120.875,42.75,96,48,1.74
335,Axim,GH,2021-09-23 19:43:57,4.8699,-2.2405,77.14,92,75,5.32
336,Matara,LK,2021-09-23 19:43:57,5.9485,80.5353,78.21,90,91,9.31
337,Fort Dix,US,2021-09-23 19:43:57,40.0298,-74.6185,80.46,88,90,16.11
338,Quelimane,MZ,2021-09-23 19:43:58,-17.8786,36.8883,71.55,83,40,3.44
339,Nueva Guadalupe,SV,2021-09-23 19:43:58,13.5333,-88.35,84.85,56,100,2.17
340,Dinar,TR,2021-09-23 19:43:58,38.065,30.1656,53.38,68,19,10.96
341,Coihaique,CL,2021-09-23 19:43:58,-45.5752,-72.0662,59.61,62,75,5.75
342,Katsuura,JP,2021-09-23 19:43:59,35.1333,140.3,75.31,79,100,11.72
343,Nyurba,RU,2021-09-23 19:43:59,63.2842,118.3319,39.27,77,100,4.23
344,Iberia,US,2021-09-23 19:44:00,29.9502,-91.7507,78.98,44,1,10.36
345,Avera,US,2021-09-23 19:44:00,33.194,-82.5271,77.72,43,0,6.04
346,Inhuma,BR,2021-09-23 19:44:00,-6.6683,-41.7078,92.52,25,100,11.21
347,Aktau,KZ,2021-09-23 19:44:00,43.65,51.2,66.78,25,5,29.3
348,Hutang,CN,2021-09-23 19:44:02,31.5333,119.4833,69.93,87,56,9.91
349,Altay,CN,2021-09-23 19:44:02,47.8667,88.1167,43.65,46,99,1.97
350,Vila Franca Do Campo,PT,2021-09-23 19:44:02,37.7167,-25.4333,70.21,74,42,8.75
351,Guarumal,PA,2021-09-23 19:44:03,8.35,-82.5333,84.29,74,40,10.36
352,Chemal,RU,2021-09-23 19:44:03,51.4111,86.005,36.09,97,100,0.65
353,Atar,MR,2021-09-23 19:44:04,20.5169,-13.0499,98.44,13,81,9.55
354,Storrs,US,2021-09-23 19:39:09,41.8084,-72.2495,79.41,77,75,4.0
355,Maceio,BR,2021-09-23 19:44:04,-9.6658,-35.7353,83.64,78,75,12.66
356,Del Pilar,PH,2021-09-23 19:44:04,15.0333,120.7,82.45,92,82,3.49
357,Goure,NE,2021-09-23 19:44:05,13.9835,10.2704,84.02,46,100,7.18
358,Shellbrook,CA,2021-09-23 19:44:05,53.2168,-106.4011,56.43,20,2,20.76
359,Naze,JP,2021-09-23 19:44:05,28.3667,129.4833,75.4,70,0,9.71
360,Calama,CL,2021-09-23 19:44:06,-22.4667,-68.9333,79.29,9,0,23.02
361,Rakaia,NZ,2021-09-23 19:44:06,-43.75,172.0167,50.72,72,0,2.91
362,Hithadhoo,MV,2021-09-23 19:44:06,-0.6,73.0833,80.96,83,100,20.62
363,Vikindu,TZ,2021-09-23 19:44:07,-7.0067,39.2985,71.11,90,6,6.8
364,Hofn,IS,2021-09-23 19:44:07,64.2539,-15.2082,39.49,93,100,17.56
365,Uglegorsk,RU,2021-09-23 19:44:07,49.0833,142.0333,47.46,85,70,8.08
366,Hue,VN,2021-09-23 19:44:08,16.4667,107.6,80.71,83,75,14.97
367,Hlukhiv,UA,2021-09-23 19:44:08,51.6782,33.9162,42.22,93,98,5.64
368,Jaru,BR,2021-09-23 19:44:08,-10.4389,-62.4664,104.9,16,86,4.23
369,Yokadouma,CM,2021-09-23 19:44:09,3.5167,15.05,69.6,98,100,2.19
370,Madimba,TZ,2021-09-23 19:44:09,-10.4,40.3333,73.85,87,22,9.22
371,Binga,ZW,2021-09-23 19:44:09,-17.6203,27.3414,71.8,53,3,2.3
372,Hare Bay,CA,2021-09-23 19:44:10,48.8499,-54.0148,74.55,71,75,8.05
373,Severodvinsk,RU,2021-09-23 19:44:10,64.5635,39.8302,44.71,85,100,10.36
374,Makueni,KE,2021-09-23 19:44:10,-1.8041,37.6203,64.96,75,65,7.67
375,Norman Wells,CA,2021-09-23 19:44:11,65.282,-126.8329,35.64,87,75,2.3
376,Pudozh,RU,2021-09-23 19:44:11,61.8099,36.5345,46.51,82,100,8.05
377,Lasa,IT,2021-09-23 19:44:11,46.6166,10.7002,57.11,63,6,4.76
378,Baisha,CN,2021-09-23 19:44:11,26.5222,110.9311,75.18,83,9,3.62
379,Kemijarvi,FI,2021-09-23 19:44:12,66.7131,27.4306,43.52,81,100,13.06
380,Zhenjiang,CN,2021-09-23 19:44:12,32.2092,119.4342,70.25,86,83,10.2
381,Taoudenni,ML,2021-09-23 19:44:13,22.6783,-3.9836,100.99,8,0,8.37
382,Palauig,PH,2021-09-23 19:44:13,15.435,119.9045,80.19,78,98,2.59
383,Wad Rawah,SD,2021-09-23 19:44:13,15.1603,33.1397,85.66,44,77,11.39
384,Sept-Iles,CA,2021-09-23 19:41:20,50.2001,-66.3821,54.25,90,75,1.99
385,Saldanha,ZA,2021-09-23 19:44:14,-33.0117,17.9442,59.05,92,100,2.06
386,Thongwa,MM,2021-09-23 19:44:14,16.7619,96.5278,78.96,95,100,4.68
387,Pierre,US,2021-09-23 19:44:14,44.3683,-100.351,79.72,31,1,4.61
388,Vyartsilya,RU,2021-09-23 19:44:15,62.1764,30.693,45.0,88,100,12.44
389,Nabire,ID,2021-09-23 19:44:15,-3.3667,135.4833,75.45,91,100,3.0
390,Hami,CN,2021-09-23 19:44:15,42.8,93.45,66.51,20,41,5.26
391,Gouyave,GD,2021-09-23 19:44:16,12.1646,-61.7296,86.77,70,20,16.11
392,Arman,RU,2021-09-23 19:44:16,59.7,150.1667,42.64,75,0,4.99
393,Gorontalo,ID,2021-09-23 19:44:16,0.5412,123.0595,73.89,94,86,2.24
394,Candido De Abreu,BR,2021-09-23 19:44:16,-24.5669,-51.3333,80.29,33,94,2.95
395,Cha Grande,BR,2021-09-23 19:44:17,-8.2383,-35.4617,75.38,71,100,12.86
396,Batemans Bay,AU,2021-09-23 19:44:17,-35.7167,150.1833,57.2,80,21,4.14
397,Guhagar,IN,2021-09-23 19:44:18,17.4842,73.1929,75.56,91,77,2.51
398,Ipora,BR,2021-09-23 19:44:18,-16.4419,-51.1178,101.35,13,27,4.97
399,Dorsten,DE,2021-09-23 19:44:18,51.6667,6.9667,63.75,87,65,7.09
400,Rojhan,PK,2021-09-23 19:44:19,28.6868,69.9534,90.88,42,34,4.94
401,Artsyz,UA,2021-09-23 19:44:19,45.9919,29.4182,46.92,78,12,6.02
402,Homer,US,2021-09-23 19:44:19,59.6425,-151.5483,42.08,72,90,13.8
403,Coquimbo,CL,2021-09-23 19:43:41,-29.9533,-71.3436,62.33,59,0,13.8
404,Lamu,KE,2021-09-23 19:44:20,-2.2717,40.902,76.62,79,9,14.41
405,Erzin,TR,2021-09-23 19:44:20,36.9559,36.2,70.52,76,18,5.37
406,Dargaville,NZ,2021-09-23 19:44:20,-35.9333,173.8833,56.14,84,100,15.08
407,Jinsha,CN,2021-09-23 19:44:20,32.0898,121.0735,71.2,96,98,8.79
408,Svetlyy,RU,2021-09-23 19:44:21,54.675,20.1347,57.25,86,100,28.3
409,Fuerte Olimpo,PY,2021-09-23 19:44:21,-21.0415,-57.8738,96.87,26,99,7.47
410,Victoria,HK,2021-09-23 19:42:29,22.2855,114.1577,86.32,82,74,16.31
411,Nelson Bay,AU,2021-09-23 19:44:22,-32.7167,152.15,58.68,87,0,10.94
412,Brownsville,US,2021-09-23 19:44:22,25.9018,-97.4975,87.89,39,1,12.66
413,Chuy,UY,2021-09-23 19:44:22,-33.6971,-53.4616,56.77,91,96,7.09
414,Ola,RU,2021-09-23 19:44:22,59.5833,151.2833,42.94,83,1,2.51
415,Okhotsk,RU,2021-09-23 19:44:23,59.3833,143.3,46.29,70,16,3.38
416,Dunda,TZ,2021-09-23 19:44:23,-8.1167,34.25,71.55,38,72,3.58
417,Bushehr,IR,2021-09-23 19:44:23,28.9684,50.8385,86.09,62,0,9.22
418,Burnie,AU,2021-09-23 19:44:24,-41.0667,145.9167,49.64,80,100,17.0
419,Petrozavodsk,RU,2021-09-23 19:44:24,61.7849,34.3469,47.66,87,100,8.95
420,Shaowu,CN,2021-09-23 19:44:24,27.3409,117.4831,72.41,98,5,1.95
421,Cabangahan,PH,2021-09-23 19:44:25,9.0781,122.9469,79.29,81,21,3.78
422,Aykhal,RU,2021-09-23 19:44:25,66.0,111.5,32.4,88,95,4.68
423,Da Nang,VN,2021-09-23 19:44:25,16.0678,108.2208,82.38,74,75,12.66
424,Labuhan,ID,2021-09-23 19:44:26,-6.8844,112.2051,79.41,79,100,6.69
425,Nhulunbuy,AU,2021-09-23 19:44:26,-12.2333,136.7667,70.41,88,29,0.0
426,Bulgan,MN,2021-09-23 19:44:26,48.8125,103.5347,39.02,83,95,2.19
427,Turukhansk,RU,2021-09-23 19:44:27,65.8167,87.9833,27.72,92,46,7.58
428,Srednekolymsk,RU,2021-09-23 19:44:27,67.45,153.6833,33.39,90,100,4.83
429,Mandera,KE,2021-09-23 19:44:27,3.9366,41.867,83.98,50,97,19.37
430,Mitsamiouli,KM,2021-09-23 19:44:28,-11.3847,43.2844,76.42,80,0,6.04
431,Pangnirtung,CA,2021-09-23 19:44:28,66.1451,-65.7125,33.8,69,75,13.8
432,Havelock,US,2021-09-23 19:44:28,34.8791,-76.9013,75.18,93,90,1.99
433,Veraval,IN,2021-09-23 19:44:29,20.9,70.3667,80.2,83,44,6.26
434,Port Macquarie,AU,2021-09-23 19:44:29,-31.4333,152.9167,46.36,63,0,4.85
435,Heves,HU,2021-09-23 19:39:45,47.6,20.2833,58.87,63,83,9.28
436,Vicosa Do Ceara,BR,2021-09-23 19:44:29,-3.5622,-41.0922,83.52,43,91,6.91
437,Haines Junction,CA,2021-09-23 19:44:30,60.7522,-137.5108,37.35,93,99,4.61
438,Mattru,SL,2021-09-23 19:44:30,7.6244,-11.8332,75.63,95,100,3.47
439,Birin,NP,2021-09-23 19:44:31,26.8865,88.0718,61.14,88,36,4.61
440,Luena,AO,2021-09-23 19:44:31,-11.7833,19.9167,69.42,21,25,5.03
441,Nicoya,CR,2021-09-23 19:44:31,10.1483,-85.452,85.55,74,78,1.99
442,Teguise,ES,2021-09-23 19:44:32,29.0605,-13.564,71.82,69,20,11.5
443,Georgiyevka,KZ,2021-09-23 19:44:32,43.0369,74.7114,50.04,57,0,4.47
444,Nguruka,TZ,2021-09-23 19:44:32,-5.1092,31.0419,75.34,35,44,1.68
445,Saryg-Sep,RU,2021-09-23 19:44:33,51.5,95.6,38.21,60,100,2.77
446,Cururupu,BR,2021-09-23 19:44:33,-1.8283,-44.8683,83.05,65,92,6.26
447,Port Hueneme,US,2021-09-23 19:44:33,34.1478,-119.1951,99.07,66,20,10.36
448,Nereju,RO,2021-09-23 19:44:34,45.7167,26.7167,41.7,74,65,7.76
449,Puerto Vallarta,MX,2021-09-23 19:39:50,20.6204,-105.2307,90.91,77,1,4.0
450,Finnsnes,NO,2021-09-23 19:44:34,69.2296,17.9811,49.96,90,100,5.21
451,Coahuayana,MX,2021-09-23 19:44:34,18.7333,-103.6833,92.68,65,9,6.24
452,Westport,US,2021-09-23 19:44:35,41.1415,-73.3579,81.09,81,75,3.0
453,Necochea,AR,2021-09-23 19:44:35,-38.5473,-58.7368,66.04,75,53,8.93
454,Sokoni,TZ,2021-09-23 19:44:35,-6.4333,39.55,77.09,78,4,16.13
455,Carutapera,BR,2021-09-23 19:44:36,-1.195,-46.02,82.98,69,39,9.26
456,Bullhead City,US,2021-09-23 19:44:03,35.1478,-114.5683,100.85,15,75,0.0
457,Miri,MY,2021-09-23 19:44:36,4.4148,114.0089,78.94,89,40,5.75
458,Zmeinogorsk,RU,2021-09-23 19:44:37,51.1567,82.195,32.99,95,66,0.38
459,Jalingo,NG,2021-09-23 19:44:37,8.8833,11.3667,75.6,91,100,5.21
460,Geraldton,AU,2021-09-23 19:44:37,-28.7667,114.6,52.21,93,0,5.75
461,Talnakh,RU,2021-09-23 19:44:38,69.4865,88.3972,34.36,74,3,5.84
462,Marrakesh,MA,2021-09-23 19:44:38,31.6315,-8.0083,80.67,44,40,5.75
463,Harnosand,SE,2021-09-23 19:44:38,62.6323,17.9379,50.02,96,100,11.45
464,Ulkan,RU,2021-09-23 19:44:39,57.243,107.3223,34.99,84,30,3.44
465,Muros,ES,2021-09-23 19:44:39,42.7762,-9.0603,70.23,69,7,15.46
466,Mangan,IN,2021-09-23 19:44:39,27.5167,88.5333,74.5,89,100,1.16
467,Nishihara,JP,2021-09-23 19:44:39,26.1842,127.7558,79.88,78,20,9.22
468,Antalaha,MG,2021-09-23 19:44:40,-14.9003,50.2788,68.02,82,1,8.01
469,Gushikawa,JP,2021-09-23 19:44:40,26.3544,127.8686,79.83,94,1,5.75
470,Bubaque,GW,2021-09-23 19:44:40,11.2833,-15.8333,82.36,74,99,6.89
471,Roald,NO,2021-09-23 19:44:41,62.5833,6.1333,49.91,71,75,12.66
472,Saint-Augustin,CA,2021-09-23 19:44:41,51.226,-58.6502,51.22,89,100,3.67
473,Biak,ID,2021-09-23 19:44:41,-0.9131,122.8766,73.76,89,93,4.83
474,Yulara,AU,2021-09-23 19:44:42,-25.2406,130.9889,44.44,49,0,3.44
475,La Ronge,CA,2021-09-23 19:44:43,55.1001,-105.2842,50.25,53,75,13.8
476,Novokuznetsk,RU,2021-09-23 19:44:43,53.7557,87.1099,34.23,92,95,1.9
477,Kautokeino,NO,2021-09-23 19:44:43,69.0125,23.0412,39.02,96,100,17.38
478,Sidney,AU,2021-09-23 19:39:47,-33.8679,151.2073,56.62,77,0,1.01
479,Bousse,BF,2021-09-23 19:44:44,12.6606,-1.8922,85.57,55,46,2.95
480,Kayerkan,RU,2021-09-23 19:44:44,69.3497,87.7602,32.74,86,3,5.77
481,Waitara,NZ,2021-09-23 19:44:44,-38.925,174.25,56.71,82,95,17.18
482,Inirida,CO,2021-09-23 19:44:44,3.8653,-67.9239,79.32,88,100,2.68
483,Kholodnyy,RU,2021-09-23 19:44:45,62.7167,147.95,31.82,76,46,2.42
484,Paulista,BR,2021-09-23 19:44:45,-7.9408,-34.8731,80.46,69,71,9.62
485,Takoradi,GH,2021-09-23 19:44:45,4.8845,-1.7554,76.78,91,12,6.29
486,Ahipara,NZ,2021-09-23 19:44:46,-35.1667,173.1667,57.06,83,98,14.88
487,Clarence Town,AU,2021-09-23 19:44:46,-32.5833,151.7833,58.55,66,0,4.7
488,Orange Cove,US,2021-09-23 19:44:46,36.6244,-119.3137,89.85,17,88,3.96
489,Yar-Sale,RU,2021-09-23 19:44:47,66.8333,70.8333,39.81,86,100,12.28
490,Sao Miguel Do Iguacu,BR,2021-09-23 19:44:47,-25.3481,-54.2378,78.01,33,49,3.24
491,Kanigoro,ID,2021-09-23 19:44:47,-8.13,112.219,74.66,89,100,2.24
492,Mtinko,TZ,2021-09-23 19:44:48,-4.55,34.85,65.97,54,99,14.07
493,Korsakov,RU,2021-09-23 19:44:48,46.6328,142.7813,35.44,87,0,6.13
494,Aklavik,CA,2021-09-23 19:44:48,68.2191,-135.0107,34.52,78,91,6.15
495,Salihorsk,BY,2021-09-23 19:44:48,52.7876,27.5415,47.12,95,100,14.74
496,Iracoubo,GF,2021-09-23 19:44:49,5.4802,-53.2011,83.88,71,54,12.39
497,Capoterra,IT,2021-09-23 19:44:49,39.1763,8.9718,76.71,72,0,8.05
498,Namatanai,PG,2021-09-23 19:44:49,-3.6667,152.4333,78.44,78,100,6.62
499,Riyadh,SA,2021-09-23 19:44:50,24.6877,46.7219,89.74,17,30,8.93
500,Griffith,US,2021-09-23 19:44:50,41.5284,-87.4237,70.12,49,40,1.01
501,Playa Vicente,MX,2021-09-23 19:44:50,17.8333,-95.8167,81.48,82,44,9.48
502,Ishigaki,JP,2021-09-23 19:44:51,24.3448,124.1572,83.84,72,13,10.78
503,Hoquiam,US,2021-09-23 19:44:51,46.9809,-123.8893,68.05,47,90,3.44
504,Kupang,ID,2021-09-23 19:44:51,-10.1667,123.5833,74.75,73,74,6.64
505,Genhe,CN,2021-09-23 19:44:52,50.7833,121.5167,48.45,97,100,3.11
506,The Pas,CA,2021-09-23 19:44:52,53.8251,-101.2541,59.02,63,90,24.16
507,Tyrma,RU,2021-09-23 19:44:52,50.0833,132.1667,37.17,88,4,1.05
508,Xingyi,CN,2021-09-23 19:44:53,24.1877,102.817,57.45,97,39,0.76
509,Marsh Harbour,BS,2021-09-23 19:44:53,26.5412,-77.0636,84.09,66,33,4.03
510,Sfantu Gheorghe,RO,2021-09-23 19:44:53,45.8667,25.7833,45.82,81,63,4.25
511,Uyemskiy,RU,2021-09-23 19:44:54,64.4743,40.8524,44.65,87,90,4.47
512,Novyy Nekouz,RU,2021-09-23 19:44:54,57.9029,38.07,47.1,96,100,8.48
513,Camara De Lobos,PT,2021-09-23 19:44:54,32.6333,-16.9667,72.23,76,40,5.99
514,Anqing,CN,2021-09-23 19:44:55,30.5092,117.0506,76.51,66,52,2.39
515,Vilyuysk,RU,2021-09-23 19:44:55,63.7553,121.6247,39.78,81,100,3.78
516,Miandrivazo,MG,2021-09-23 19:44:55,-19.5167,45.4667,77.97,54,95,3.76
517,Ajaccio,FR,2021-09-23 19:44:56,42.0,8.9167,66.18,68,0,2.3
518,Lonar,IN,2021-09-23 19:44:56,19.9833,76.5333,72.91,92,100,5.99
519,Beloha,MG,2021-09-23 19:44:56,-25.1667,45.05,68.54,78,94,14.09
520,Poum,NC,2021-09-23 19:44:56,-20.2333,164.0167,67.96,67,28,9.31
521,Constitucion,CL,2021-09-23 19:40:56,-35.3333,-72.4167,63.09,58,100,16.28
522,Le Vauclin,MQ,2021-09-23 19:44:57,14.5452,-60.8388,89.65,62,75,5.75
523,Fiumicino,IT,2021-09-23 19:44:57,41.7675,12.2291,71.98,74,0,5.75
524,Usvyaty,RU,2021-09-23 19:44:58,55.7456,30.7533,40.51,93,100,8.77
525,Awbari,LY,2021-09-23 19:44:58,26.5921,12.7805,85.03,13,19,6.6
526,Pareora,NZ,2021-09-23 19:44:58,-44.4871,171.2132,51.19,77,0,6.15
527,Tabou,CI,2021-09-23 19:44:59,4.423,-7.3528,78.01,86,19,6.44
528,Fort Nelson,CA,2021-09-23 19:44:59,58.8053,-122.7002,49.59,43,75,4.61
529,Kendari,ID,2021-09-23 19:44:59,-3.945,122.4989,71.51,97,98,2.98
530,Batagay-Alyta,RU,2021-09-23 19:45:00,67.8006,130.4114,29.79,83,17,4.59
531,Wilmington,US,2021-09-23 19:41:49,34.2257,-77.9447,81.86,67,75,10.36
532,Jadu,LY,2021-09-23 19:45:00,31.953,12.0261,73.2,59,33,4.76
533,Torbat-E Jam,IR,2021-09-23 19:45:01,35.244,60.6225,70.66,19,0,2.98
534,Hun,LY,2021-09-23 19:45:02,29.1268,15.9477,84.61,41,2,13.71
535,Sayyan,YE,2021-09-23 19:45:03,15.1718,44.3244,64.65,23,76,11.79
536,Torrington,US,2021-09-23 19:45:04,41.8007,-73.1212,79.57,87,79,3.0
537,Thunder Bay,CA,2021-09-23 19:45:04,48.4001,-89.3168,69.98,68,20,12.66
538,Shashi,CN,2021-09-23 19:45:04,30.3072,112.2447,74.68,91,95,1.05
539,Tongliao,CN,2021-09-23 19:45:05,43.6125,122.2653,54.3,90,12,5.21
540,Opelousas,US,2021-09-23 19:45:05,30.5335,-92.0815,78.93,38,1,5.75
541,Menongue,AO,2021-09-23 19:45:05,-14.6585,17.691,70.61,22,35,5.03
542,Dafeng,CN,2021-09-23 19:45:06,23.4517,108.5881,76.78,91,97,1.7
543,Auchi,NG,2021-09-23 19:45:06,7.0667,6.2667,75.07,92,86,2.35
544,Ekhabi,RU,2021-09-23 19:45:06,53.5102,142.9671,45.68,93,7,10.2
545,Daru,PG,2021-09-23 19:45:07,-9.0763,143.2092,75.96,87,100,16.78
546,Karawang,ID,2021-09-23 19:45:07,-6.3042,107.3079,76.51,85,99,5.19
547,Oranjemund,NA,2021-09-23 19:45:07,-28.55,16.4333,57.13,90,99,6.4
548,Bilibino,RU,2021-09-23 19:45:08,68.0546,166.4372,23.81,94,100,3.36
549,Aojiang,CN,2021-09-23 19:45:08,22.9421,116.0359,78.37,90,92,7.05
550,Luderitz,NA,2021-09-23 19:45:08,-26.6481,15.1594,58.06,77,45,13.22
551,Mpulungu,ZM,2021-09-23 19:45:09,-8.7623,31.1141,78.8,40,57,7.99
552,Wanaka,NZ,2021-09-23 19:44:26,-44.7,169.15,46.35,79,46,5.32
553,Hovd,MN,2021-09-23 19:45:09,48.0056,91.6419,43.83,46,71,8.08
554,Toma,BF,2021-09-23 19:45:09,12.7667,-2.8833,84.29,54,54,5.88
555,Palmer,US,2021-09-23 19:45:10,42.1584,-72.3287,80.44,64,35,8.99
556,Hailey,US,2021-09-23 19:45:10,43.5196,-114.3153,65.89,41,75,11.5
557,Agua Branca,BR,2021-09-23 19:45:10,-5.8922,-42.6361,99.61,18,96,3.06
558,Kushiro,JP,2021-09-23 19:45:10,42.975,144.3747,54.79,91,100,16.06
559,Awash,ET,2021-09-23 19:45:11,8.9833,40.1667,74.55,71,75,4.65
560,Bengbu,CN,2021-09-23 19:45:11,32.9408,117.3608,70.79,82,81,9.06
561,Koutsouras,GR,2021-09-23 19:45:12,35.0339,25.9469,68.79,59,7,27.63
562,Omboue,GA,2021-09-23 19:45:12,-1.5746,9.2618,77.61,82,100,7.2
563,Copiapo,CL,2021-09-23 19:45:12,-27.3667,-70.3333,60.49,19,0,7.9
564,Excelsior Springs,US,2021-09-23 19:45:12,39.3392,-94.2261,80.58,24,0,5.64
565,Owando,CG,2021-09-23 19:45:13,-0.4819,15.8999,74.16,84,100,1.66
566,Kiruna,SE,2021-09-23 19:45:13,67.8557,20.2251,38.32,93,90,8.05
567,Sulangan,PH,2021-09-23 19:45:13,11.1373,123.7228,82.54,81,100,12.77
568,Sola,VU,2021-09-23 19:45:14,-13.8833,167.55,78.67,79,96,16.55
569,Tshela,CD,2021-09-23 19:45:14,-4.9833,12.9333,75.24,76,69,3.31
570,Mabaruma,GY,2021-09-23 19:45:14,8.2,-59.7833,80.56,83,100,5.14
571,Morondava,MG,2021-09-23 19:45:15,-20.2833,44.2833,74.43,78,0,1.57
572,Japura,ID,2021-09-23 19:45:15,-0.3167,102.35,73.71,97,57,2.84
573,Cabedelo,BR,2021-09-23 19:45:15,-6.9811,-34.8339,83.07,74,100,14.29
574,Zaraza,VE,2021-09-23 19:45:16,9.3503,-65.3245,88.99,53,97,6.85
575,Masuguru,TZ,2021-09-23 19:45:16,-11.3667,38.4167,78.4,59,98,7.72
576,Zaltan,LY,2021-09-23 19:45:16,32.947,11.8665,78.19,82,81,14.54
577,Akhtubinsk,RU,2021-09-23 19:45:17,48.2795,46.1722,52.12,85,100,6.55
578,Usinsk,RU,2021-09-23 19:45:17,65.9939,57.5281,38.1,94,100,6.8
579,Madarounfa,NE,2021-09-23 19:45:17,13.3087,7.156,82.9,55,100,4.99
580,Kedrovyy,RU,2021-09-23 19:45:18,56.1667,91.8167,32.41,97,97,2.84
581,Beisfjord,NO,2021-09-23 19:45:18,68.3751,17.5988,49.24,88,100,4.74
